<ConsultarNfseLote>
  <ListaNfse>
<CompNfse>
<Nfse>
	<InfNfse id="1">
		<Numero>1</Numero>
		<Serie/>
		<Tipo/>
		<CodigoVerificacao>31CB.EA38.7063</CodigoVerificacao>
		<DataEmissao>2024-07-23T16:40:36</DataEmissao>
		<IdentificacaoRps>
			<Numero>0</Numero>
			<Serie/>
			<Tipo>0</Tipo>
		</IdentificacaoRps>
		<DataEmissaoRps xmlns:xsi="http://www.w3.org/2001/XMLSchema-instance" xsi:nil="true">
		</DataEmissaoRps>
		<NaturezaOperacao>2</NaturezaOperacao>
		
		<OptanteSimplesNacional>2</OptanteSimplesNacional>
		<IncentivadorCultural>2</IncentivadorCultural>
		<Competencia>2024-07-23</Competencia>
		
		<OutrasInformacoes>Internet Fibra NOTA CANCELADA EM: 24/07/2024 05:34</OutrasInformacoes>
		<Servico>
			<Valores>
				<ValorServicos>69.90</ValorServicos>
				<ValorDeducoes>0.00</ValorDeducoes>
				<ValorPis>0.00</ValorPis>
				<ValorCofins>0.00</ValorCofins>
				<ValorInss>0.00</ValorInss>
				<ValorIr>0.00</ValorIr>
				<ValorCsll>0.00</ValorCsll>
				<IssRetido>2</IssRetido>
				<ValorIss>1.40</ValorIss>
				<ValorIssRetido>0.00</ValorIssRetido>
				<OutrasRetencoes>0.00</OutrasRetencoes>
				<BaseCalculo>69.90</BaseCalculo>
				<Aliquota>0.0200</Aliquota>
				<ValorLiquidoNfse>69.90</ValorLiquidoNfse>
				<DescontoIncondicionado>0.00</DescontoIncondicionado>
				<DescontoCondicionado>0.00</DescontoCondicionado>
			</Valores>
			<ItemListaServico>103</ItemListaServico>
			
			<CodigoTributacaoMunicipio>103</CodigoTributacaoMunicipio>
			<Discriminacao>Internet Fibra</Discriminacao>
			<CodigoMunicipio>3106200</CodigoMunicipio>
		</Servico>
		<ValorCredito>0.00</ValorCredito>
		<PrestadorServico>
			<IdentificacaoPrestador>
				<Cnpj>48530335000148</Cnpj>
				<InscricaoMunicipal>29654285</InscricaoMunicipal>
			</IdentificacaoPrestador>
			<RazaoSocial>SMARTCOM SOLUCOES DIGITAIS LTDA</RazaoSocial>
			<NomeFantasia>SMARTCOM SOLUCOES DIGITAIS LTDA</NomeFantasia>
			<Endereco>
				<Endereco>JACARANDÁ</Endereco>
				<Numero>449</Numero>
				<Complemento/>
				<Bairro>VALE DO SERENO</Bairro>
				<CodigoMunicipio>3144805</CodigoMunicipio>
				<Uf>MG</Uf>
				<Cep>34006016</Cep>
			</Endereco>
			<Contato>
				<Telefone>3188984056</Telefone>
				<Email>financeiro@smartcomx.com.br</Email>
			</Contato>
		</PrestadorServico>
		<TomadorServico>
			<IdentificacaoTomador>
				<CpfCnpj>
					<Cpf/>
					<Cnpj>03879292000172</Cnpj>
				</CpfCnpj>
				<InscricaoMunicipal>0</InscricaoMunicipal>
			</IdentificacaoTomador>
			<RazaoSocial>AQUARIUS VIAGENS E TURISMO LTDA</RazaoSocial>
			<Endereco>
				<Endereco>AVENIDA DOS ANDRADAS</Endereco>
				<Numero>2287</Numero>
				<Complemento>SALA 1207</Complemento>
				<Bairro>SANTA EFIGENIA</Bairro>
				<CodigoMunicipio>3106200</CodigoMunicipio>
				<Uf>MG</Uf>
				<Cep>30120010</Cep>
			</Endereco>
			<Contato>
				<Telefone/>
				<Email>tomador.nfse@novalima.mg.gov.br</Email>
			</Contato>
		</TomadorServico>
		<OrgaoGerador>
			<CodigoMunicipio>3144805</CodigoMunicipio>
			<Uf>MG</Uf>
		</OrgaoGerador>
	</InfNfse>
	
</Nfse>
</CompNfse>
  </ListaNfse>
</ConsultarNfseLote>
